Category,Question,Answer
General Information,What is the university's accreditation status?,"The university is accredited by the [Accrediting Body], ensuring that it meets high standards of quality and integrity in education."
General Information,Where is the university located?,"The university is located at [University Address], providing easy access to [City/Country] amenities."
General Information,What are the office hours for the registrar's office?,"The registrar's office is open Monday through Friday, from 8:00 AM to 5:00 PM."
General Information,How can I request a campus tour?,You can schedule a campus tour by visiting the 'Visit Us' section on our website or contacting the admissions office.
General Information,Does the university offer online courses?,"Yes, the university offers a variety of online courses and programs. Visit the 'Online Learning' section on our website for more information."
Academic Support,What is the procedure for dropping or adding a course?,You can drop or add courses during the designated period by accessing the course registration system through the student portal.
Academic Support,Are there resources for career counseling?,"Yes, the career services center offers counseling, resume workshops, and job placement assistance."
Academic Support,How can I access past exam papers?,Past exam papers are available through the library's online repository or by requesting them from your department.
Academic Support,What is the policy on academic integrity?,The university upholds strict academic integrity policies. Violations such as plagiarism and cheating are subject to disciplinary action.
Academic Support,How do I declare a minor?,"To declare a minor, consult with your academic advisor and submit the necessary forms to the registrar's office."
Financial Aid,How do I set up a payment plan for tuition?,Payment plans can be arranged through the bursar's office or the financial services section of the student portal.
Financial Aid,What is the cost of attendance?,The cost of attendance varies by program. Detailed information is available on the financial aid office's website.
Financial Aid,Are there emergency loans available?,"Yes, the university offers short-term emergency loans. Contact the financial aid office for eligibility criteria."
Financial Aid,How do I apply for work-study positions?,Work-study positions are listed on the student employment portal. Apply directly through the portal.
Financial Aid,What happens if I withdraw from a course?,Withdrawing from a course may affect your financial aid status. Consult with a financial aid advisor before making changes to your enrollment.
Campus Life,Is there on-campus parking available?,"Yes, students can purchase parking permits through the campus security office."
Campus Life,What health services are available on campus?,"The campus health center offers medical consultations, vaccinations, and mental health counseling."
Campus Life,Are there childcare facilities on campus?,"Yes, the university operates a childcare center for students and staff."
Campus Life,How do I join a fraternity or sorority?,Greek life recruitment occurs at the beginning of the academic year. Check with the student activities office for details.
Campus Life,What are the options for student housing?,"Student housing includes dormitories, apartments, and shared living spaces both on and off campus."
General Information,How do I access the university catalog?,You can view the university catalog online through the official website under the 'Academics' section.
General Information,Does the university have a mobile app?,"Yes, the university offers a mobile app for students to access schedules, grades, and campus news."
General Information,What services are available at the student help desk?,"The help desk provides tech support, ID card services, and answers to general student queries."
Academic Support,How do I submit assignments online?,Assignments can be submitted via the learning management system (LMS) using your student login.
Academic Support,Are there academic competitions or fairs?,"Yes, the university organizes academic fairs, competitions, and conferences throughout the year."
Academic Support,What are my options if I’m failing a class?,"You can seek help from your instructor, attend tutoring sessions, or consider withdrawing before the deadline."
Academic Support,Can I audit a course?,"Yes, auditing a course is allowed with instructor permission. You won’t receive a grade or credit."
Academic Support,How do I register for summer classes?,Summer registration is available through the student portal during the designated enrollment period.
Financial Aid,When will I receive my financial aid disbursement?,Disbursements usually occur one week before classes start. Check the student portal for specific dates.
Financial Aid,What should I do if my FAFSA is selected for verification?,Submit all required documents to the financial aid office as soon as possible to avoid delays.
Financial Aid,Can financial aid cover study materials?,"Yes, some aid packages include book and material allowances. Check your award letter for details."
Financial Aid,Is financial literacy education available?,"Yes, workshops and resources on budgeting, saving, and student loans are available through financial services."
Campus Life,Are pets allowed in dorms?,Only service animals and emotional support animals with documentation are allowed in residence halls.
Campus Life,What are the options for vegetarian or vegan dining?,The cafeteria offers vegetarian and vegan options daily. Menus are posted online weekly.
Campus Life,How do I get a student ID card?,Student ID cards are issued at orientation or can be picked up from the help desk.
Campus Life,Is there campus security available 24/7?,"Yes, campus security operates 24/7 and can be reached by calling the emergency hotline."
Campus Life,What transportation is available for late-night students?,A late-night campus shuttle service is available during the academic year.
Campus Life,Can students rent lockers?,"Yes, lockers are available for rent through the student services office."
Campus Life,Are there prayer or meditation rooms?,"Yes, quiet spaces for prayer and meditation are available in the student center."
Campus Life,Does the university offer laundry services?,"Yes, residence halls are equipped with laundry rooms. Some even offer mobile pay options."
Campus Life,Are there fitness classes on campus?,"Yes, the recreation center offers yoga, pilates, and strength training classes weekly."
Campus Life,How do I join the student government?,Elections are held each semester. Attend an interest meeting or contact the student affairs office.
Campus Life,Is there an alumni association?,"Yes, the alumni association offers networking events and benefits to former students."
Campus Life,What are the rules about guests in dorms?,Guests are allowed with restrictions. Check with the residence hall policy for specific guidelines.
Campus Life,Are there mentorship programs?,"Yes, students can be paired with faculty or upperclassmen mentors through student success programs."
Campus Life,How do I reserve a study room?,Study rooms can be reserved through the library’s online booking system.
Campus Life,Are there job opportunities on campus?,"Yes, both work-study and campus jobs are listed on the student employment portal."
Campus Life,What clubs can I join related to my major?,There are academic clubs for nearly every major. Visit the student org directory online.
Campus Life,Is counseling available for students?,"Yes, licensed counselors are available for individual sessions, workshops, and crisis support."
Campus Life,Where can I find campus event announcements?,"Campus events are posted on the university app, website, and digital bulletin boards."
General Information,What is the university's mascot?,"The university's mascot is the Falcon, symbolizing strength and vision."
General Information,Are campus tours available for prospective students?,"Yes, campus tours are available throughout the year. Schedule online or contact admissions."
General Information,Does the university host open house events?,"Yes, open house events are held each semester to showcase programs and facilities."
General Information,What languages are spoken on campus?,"English is the primary language, but multilingual services are available."
General Information,Is there a lost and found on campus?,"Yes, lost items can be claimed at the campus security office."
General Information,Does the university provide student insurance?,"Yes, health insurance plans are available to all enrolled students."
General Information,How can I submit feedback or complaints?,Feedback can be submitted through the student portal or student affairs office.
Academic Support,What happens if I miss an exam?,Contact your instructor immediately. Make-up exams may be scheduled with valid reasons.
Academic Support,Are there online forums for academic discussion?,"Yes, most courses have online discussion boards via the LMS."
Academic Support,How do I apply for academic honors?,Academic honors are awarded based on GPA and program criteria. No application is needed.
Academic Support,Can I get academic credit for internships?,"Yes, many programs offer credit for approved internships. Check with your advisor."
Academic Support,What is the academic calendar structure?,The academic year consists of two semesters and optional summer sessions.
Academic Support,How can I take courses at another university?,Through cross-registration agreements. Check eligibility with the registrar.
Financial Aid,Can I receive aid if studying abroad?,"Yes, some financial aid packages cover study abroad programs."
Financial Aid,What is the penalty for late tuition payments?,Late payments may incur fees and registration holds. Contact financial services for options.
Financial Aid,Can graduate students apply for aid?,"Yes, graduate students are eligible for loans, assistantships, and scholarships."
Financial Aid,How do I become a financial aid peer advisor?,Apply through the financial aid office. Training is provided.
Financial Aid,Are tax documents provided for tuition payments?,"Yes, 1098-T forms are issued annually through the student portal."
Campus Life,Are there student lounges?,"Yes, there are lounges in academic buildings and dorms for relaxation and study."
Campus Life,What should I do during a campus emergency?,Follow instructions from campus alerts and report to designated safety areas.
Campus Life,Is there a theater or arts center?,"Yes, the arts center hosts student performances, concerts, and exhibitions."
Campus Life,Are there volunteer opportunities?,"Yes, the service office coordinates volunteer and community engagement events."
Campus Life,Can I start a new student organization?,"Yes, submit a proposal and gather signatures to register a new group."
Campus Life,Is there Wi-Fi across campus?,"Yes, free high-speed Wi-Fi is available in all campus buildings and dorms."
Campus Life,How can I report harassment or discrimination?,Use the confidential reporting form or contact the Title IX coordinator.
Campus Life,Are there gender-inclusive restrooms?,"Yes, several buildings include gender-neutral restrooms."
Campus Life,Are there international cuisine options on campus?,"Yes, food vendors provide international and culturally diverse meals."
Campus Life,Is the campus accessible to students with disabilities?,"Yes, buildings and resources comply with ADA standards."
Campus Life,How do I reserve event space on campus?,Event spaces can be reserved via the facilities office or online request form.
Campus Life,Are there quiet zones for study?,"Yes, the library and academic buildings have designated quiet areas."
International Students,Do I need a visa to study at the university?,"Yes, international students need a valid student visa to study at the university."
International Students,How can I apply for a student visa?,"After receiving your admission letter, you can apply for a student visa at your nearest embassy or consulate."
International Students,Is there support for international students on campus?,"Yes, the International Student Office provides orientation, advising, and ongoing support."
International Students,Are there English language requirements?,"Yes, international students must submit TOEFL or IELTS scores to demonstrate English proficiency."
International Students,Can international students work while studying?,"Yes, international students can work part-time on campus, and off-campus under certain conditions."
Student Life,What kind of extracurricular activities are available?,"Students can participate in clubs, sports teams, volunteer opportunities, and more."
Student Life,Is there a student government?,"Yes, the student government represents student interests and organizes campus events."
Student Life,How do I get involved in student organizations?,You can join student organizations through the campus activities office or online portal.
Student Life,Are there leadership opportunities for students?,"Yes, students can take on leadership roles in clubs, organizations, and campus projects."
Student Life,What events are held on campus?,"Campus hosts cultural festivals, concerts, guest lectures, and social events year-round."
Career Services,Does the university offer career counseling?,"Yes, career counselors are available to help with resume writing, job search, and career planning."
Career Services,Are there internship opportunities?,"Yes, the university partners with companies to offer a variety of internship opportunities."
Career Services,How can I access job postings?,Job postings are available through the university’s online career portal.
Career Services,Are there career fairs on campus?,"Yes, the university hosts career fairs throughout the year for students to meet employers."
Career Services,Can alumni use career services?,"Yes, alumni have continued access to career resources and support."
Housing & Dining,Is on-campus housing available?,"Yes, the university offers several residence halls and apartment options."
Housing & Dining,How do I apply for campus housing?,You can apply for housing through the university’s housing portal.
Housing & Dining,Are meal plans available?,"Yes, a variety of meal plans are available to suit different needs."
Housing & Dining,Can I choose my roommate?,"Yes, you can request a roommate when applying for housing."
Housing & Dining,Are there options for special dietary needs?,"Yes, the dining services offer vegetarian, vegan, and allergen-free options."
Technology Support,How do I access university Wi-Fi?,You can connect using your student credentials on the campus Wi-Fi network.
Technology Support,Is tech support available on campus?,"Yes, the IT Help Desk is available for assistance with university-related tech issues."
Technology Support,Do students get free software?,"Yes, students can download licensed software like Microsoft Office for free."
Technology Support,Are there computer labs available?,"Yes, there are computer labs across campus with extended hours."
Technology Support,How do I reset my university password?,You can reset your password through the IT services website.
Health & Wellness,Is there a health center on campus?,"Yes, the campus health center offers medical services for students."
Health & Wellness,Are counseling services available?,"Yes, students have access to free, confidential counseling services."
Health & Wellness,Is health insurance required?,"Yes, all students must have health insurance or enroll in the university's plan."
Health & Wellness,What fitness facilities are available?,"The university has a fitness center, gym, and recreational sports programs."
Health & Wellness,Are there wellness programs on campus?,"Yes, the university offers workshops, fitness classes, and stress management resources."
Clubs & Organizations,How many student clubs are there?,There are over 150 student-run clubs and organizations.
Clubs & Organizations,Can I start my own club?,"Yes, students can start new clubs by following the guidelines from the Student Life office."
Clubs & Organizations,Are there academic honor societies?,"Yes, the university hosts several academic honor societies for high-achieving students."
Clubs & Organizations,How do I join a club?,You can attend club fairs or sign up through the campus engagement platform.
Clubs & Organizations,Are there cultural clubs on campus?,"Yes, there are many clubs celebrating different cultures and international communities."
Admissions,What are the admission requirements?,"Admission requirements vary by program, but generally include transcripts, test scores, and an application."
Admissions,When is the application deadline?,Application deadlines vary; check the university's admissions website for specific dates.
Admissions,Can I apply as an undecided major?,"Yes, students can apply as undecided and choose a major later."
Admissions,Are interviews required for admission?,Interviews are not typically required but may be requested for certain programs.
Admissions,How can I check my application status?,You can check your application status through the admissions portal.
Admissions,Is there an application fee?,"Yes, there is a non-refundable application fee."
Admissions,Do you accept transfer students?,"Yes, transfer students are welcome and should submit transcripts from all previous institutions."
Admissions,Are standardized test scores required?,Some programs require SAT or ACT scores; others may be test-optional.
Scholarships & Grants,How do I apply for scholarships?,You can apply for scholarships through the financial aid office or online portal.
Scholarships & Grants,Are there merit-based scholarships?,"Yes, the university offers scholarships based on academic achievement."
Scholarships & Grants,Can international students apply for scholarships?,Some scholarships are open to international students. Check specific eligibility criteria.
Scholarships & Grants,When is the scholarship application deadline?,"Deadlines vary, but most fall between January and March."
Scholarships & Grants,Do scholarships affect financial aid eligibility?,"Yes, scholarships may reduce the amount of need-based aid you receive."
Scholarships & Grants,Are there scholarships for graduate students?,"Yes, graduate students may qualify for departmental or external scholarships."
Scholarships & Grants,How will I be notified if I receive a scholarship?,Scholarship notifications are sent via email or your student portal.
Library Services,What are the library hours?,Library hours vary by semester; check the website for current opening times.
Library Services,Can I access library resources online?,"Yes, many journals, databases, and ebooks are accessible online with your student login."
Library Services,Are librarians available for research help?,"Yes, librarians offer in-person and virtual research support."
Library Services,Can I borrow textbooks from the library?,Some textbooks are available on reserve for short-term borrowing.
Library Services,How do I renew borrowed materials?,You can renew books online via your library account.
Library Services,Are there printing services at the library?,"Yes, printers and scanners are available for student use."
Online Learning,How do I access my online courses?,You can log in to your courses through the university’s learning management system.
Online Learning,What technology is required for online classes?,"A reliable internet connection, webcam, and microphone are typically required."
Online Learning,Are online courses self-paced?,"Some are self-paced, while others follow a fixed schedule with deadlines."
Online Learning,Can I earn a degree fully online?,"Yes, several programs offer fully online degree options."
Online Learning,Is academic support available for online students?,"Yes, online students have access to tutoring, advising, and technical support."
Online Learning,How are exams conducted in online courses?,"Exams may be timed, open-book, or proctored through online platforms."
Online Learning,Do online students pay the same tuition?,Tuition may differ depending on residency and program type.
Transportation & Parking,Is parking available on campus?,"Yes, students can purchase parking permits for designated lots."
Transportation & Parking,How do I get a parking permit?,You can apply for a parking permit through the campus transportation office.
Transportation & Parking,Are there public transportation options?,"Yes, the university is served by local bus and train lines."
Transportation & Parking,Is there a campus shuttle?,"Yes, a free shuttle service runs between key locations on campus."
Transportation & Parking,Are there bike racks on campus?,"Yes, bike racks are located near most campus buildings."
Transportation & Parking,Can I bring a car as a first-year student?,Policies vary; some campuses restrict parking for first-year students.
Alumni Services,How can I stay connected as an alum?,You can join the alumni association and follow alumni events and news.
Alumni Services,Are there alumni networking events?,"Yes, alumni events are held throughout the year both on-campus and virtually."
Alumni Services,Can alumni access the library?,"Yes, alumni may have limited access to certain library resources."
Alumni Services,Do alumni receive career support?,"Yes, career services are available to alumni as well."
Alumni Services,Is there an alumni newsletter?,"Yes, the university publishes a regular newsletter for alumni."
Student Conduct & Policies,Where can I find the student code of conduct?,The student code of conduct is available on the university website.
Student Conduct & Policies,What happens if I violate university policy?,"Violations are reviewed by the student conduct office, and disciplinary actions may follow."
Student Conduct & Policies,Can I appeal a conduct decision?,"Yes, students have the right to appeal disciplinary decisions."
Student Conduct & Policies,Are there policies for academic integrity?,"Yes, students are expected to adhere to the university’s academic honesty policy."
Student Conduct & Policies,Is there a dress code on campus?,"Generally, there is no formal dress code, but professional attire may be required in specific programs."
Emergency Procedures,What should I do in case of a fire?,Evacuate the building immediately and follow the posted emergency exit signs.
Emergency Procedures,How will I be notified of campus emergencies?,"Notifications are sent via text, email, and campus loudspeakers."
Emergency Procedures,Are there emergency phones on campus?,"Yes, emergency blue-light phones are located throughout campus."
Emergency Procedures,Is there a campus safety app?,"Yes, students are encouraged to download the campus safety app for updates and emergency assistance."
Emergency Procedures,Where can I find emergency contact numbers?,Emergency contact information is posted in all buildings and available on the university website.
Graduate Programs,What graduate programs are offered?,The university offers a wide range of master's and doctoral programs across disciplines.
Graduate Programs,How do I apply to a graduate program?,"Graduate applications are submitted online with transcripts, recommendations, and test scores."
Graduate Programs,Is the GRE required for graduate admissions?,"Some programs require GRE scores, while others are test-optional."
Graduate Programs,Can I study part-time in a graduate program?,"Yes, many graduate programs offer part-time and evening options."
Graduate Programs,Are there assistantships for graduate students?,"Yes, teaching and research assistantships are available and provide tuition benefits."
Graduate Programs,How long do graduate programs typically take?,Master’s programs usually take 1–2 years; doctoral programs vary from 4–6 years.
Study Abroad,Does the university offer study abroad programs?,"Yes, students can study abroad through faculty-led or exchange programs."
Study Abroad,How do I apply for study abroad?,Apply through the university’s global education office.
Study Abroad,Are scholarships available for study abroad?,"Yes, financial aid and scholarships may be applied toward study abroad."
Study Abroad,Do I need to speak a foreign language?,"Some programs require language proficiency, while others are in English."
Study Abroad,Can international students study abroad?,"Yes, international students can participate in eligible programs with approval."
Study Abroad,Will my credits transfer back?,"Yes, credits from approved study abroad programs usually transfer."
Accessibility Services,How do I request academic accommodations?,Contact the Accessibility Services Office and provide documentation of your needs.
Accessibility Services,Are housing accommodations available?,"Yes, students can request housing accommodations based on accessibility needs."
Accessibility Services,Is the campus wheelchair accessible?,"Yes, campus buildings and walkways are designed to be accessible."
Accessibility Services,Can I get note-taking assistance?,"Yes, note-taking services are available through Accessibility Services."
Accessibility Services,Are assistive technologies provided?,"Yes, tools like screen readers and text-to-speech software are available."
Accessibility Services,Is there support for students with learning disabilities?,"Yes, customized support is available for students with documented learning disabilities."
Registrar Services,How do I register for classes?,Use the student portal to register for courses during the registration period.
Registrar Services,How can I request my transcript?,Official transcripts can be requested through the registrar’s website.
Registrar Services,What is the add/drop policy?,Courses may be added or dropped during the designated registration window.
Registrar Services,How do I change my major?,Submit a major change form through the registrar or academic advising office.
Registrar Services,What is a degree audit?,A degree audit tracks your progress toward graduation based on completed courses.
Registrar Services,When are final grades posted?,Grades are typically posted within one week after the end of the semester.
Student Housing,Are dorms co-ed?,"Some dorms are co-ed by floor or building, while others are single-gender."
Student Housing,Can I live off-campus?,"Yes, students may choose to live off-campus after their first year."
Student Housing,Is housing guaranteed for first-year students?,"Yes, on-campus housing is guaranteed for all first-year students."
Student Housing,Are there family housing options?,"Yes, limited family housing is available for students with dependents."
Student Housing,How are roommates assigned?,Roommates are assigned based on a housing questionnaire or by request.
Student Housing,Can I stay in the dorms over break?,Some residence halls remain open during breaks for an additional fee.
Technology & Online Tools,What is the learning management system used?,"The university uses [e.g., Canvas, Blackboard, Moodle] for online coursework."
Technology & Online Tools,Is training available for using online tools?,"Yes, tutorials and tech support are provided for common platforms."
Technology & Online Tools,How do I set up my student email?,Instructions for setting up email are provided during orientation or via the IT help desk.
Technology & Online Tools,Can I access software off-campus?,"Yes, many software programs are accessible via cloud or VPN."
Technology & Online Tools,Are university computers available for student use?,"Yes, computer labs are open to all enrolled students."
Technology & Online Tools,Where can I find academic software discounts?,Discounted or free academic software is listed on the IT Services website.
Events & Campus Activities,What types of campus events are held?,"Campus events include concerts, speakers, fairs, and cultural festivals."
Events & Campus Activities,Is there a student event calendar?,"Yes, all student events are listed on the university event calendar."
Events & Campus Activities,Can students host events?,"Yes, students can organize events through their clubs or student government."
Events & Campus Activities,Are there welcome week activities?,"Yes, the university hosts a week of events to welcome new students."
Events & Campus Activities,Is there a club fair each semester?,"Yes, club fairs are held to help students explore and join organizations."
Events & Campus Activities,Are events free for students?,Most campus events are free or low-cost for students.
Sustainability,Does the university have recycling programs?,"Yes, recycling bins are available across campus and part of a campus-wide initiative."
Sustainability,Are there sustainability-focused student groups?,"Yes, students can join environmental clubs and sustainability committees."
Sustainability,Is the campus energy-efficient?,"Yes, the university uses green buildings and energy-efficient systems."
Sustainability,Does the dining hall offer plant-based meals?,"Yes, plant-based and sustainably sourced options are available in dining services."
Faculty & Staff Support,Where can faculty find teaching resources?,Faculty resources are available through the Center for Teaching and Learning.
Faculty & Staff Support,Is there IT support for faculty?,"Yes, faculty receive dedicated support through the IT Services team."
Faculty & Staff Support,Are there wellness programs for staff?,"Yes, the university offers wellness initiatives, counseling, and fitness programs."
Faculty & Staff Support,How do staff access HR services?,Staff can access HR information and support through the employee portal.
Admissions & Financial Aid,What is the application deadline for first-year students?,Deadlines vary by semester; check the admissions website for current dates.
Admissions & Financial Aid,Are SAT or ACT scores required for undergraduate admissions?,Many programs are test-optional; check individual program requirements.
Admissions & Financial Aid,Can I apply as a transfer student?,"Yes, transfer applications are accepted with college transcripts and course evaluations."
Admissions & Financial Aid,Are there scholarships for international students?,"Yes, merit-based and need-based scholarships are available for international applicants."
Admissions & Financial Aid,How is financial aid determined?,Financial aid is based on FAFSA or international aid applications and financial need.
Admissions & Financial Aid,Can I receive financial aid for summer courses?,"Yes, if you're enrolled in enough credits and meet eligibility criteria."
Admissions & Financial Aid,What is the enrollment deposit?,"A non-refundable fee confirming your intention to enroll, applied toward tuition."
Academics & Advising,How do I contact my academic advisor?,You can schedule appointments through the advising portal or email your advisor.
Academics & Advising,What is a full-time course load?,Typically 12–18 credit hours per semester for undergraduates.
Academics & Advising,How can I change my advisor?,Submit an advisor change request through the academic advising office.
Academics & Advising,Can I double major or add a minor?,"Yes, students can pursue double majors or minors with proper planning."
Academics & Advising,What is academic probation?,"A status given to students who fall below the required GPA, often with support plans."
Academics & Advising,Are online degrees available?,"Yes, the university offers fully online and hybrid degree options."
Academics & Advising,What tutoring services are offered?,"Free peer tutoring, writing help, and academic coaching are available."
Campus Life,Is parking available for students?,"Yes, with a valid parking permit purchased through campus services."
Campus Life,Are there meal plans available?,"Yes, various meal plans are available based on your housing and dining needs."
Campus Life,What health services are provided?,"On-campus health clinics offer primary care, mental health, and wellness resources."
Campus Life,Is there a campus gym?,"Yes, students have free access to a fully equipped recreation center."
Campus Life,What transportation options are available?,"Campus shuttles, bike-share programs, and public transit discounts are provided."
Campus Life,Are there religious or spiritual organizations?,"Yes, various faith-based groups and interfaith spaces are available on campus."
Campus Life,What should I bring to my dorm?,A recommended packing list is available on the housing website.
Campus Life,Can I have guests in my dorm?,"Yes, guests are allowed under specific rules provided by housing services."
Career & Internship Support,Does the university help with internships?,"Yes, the career center provides listings, coaching, and employer connections."
Career & Internship Support,How do I get help with my resume?,Resume workshops and 1-on-1 review sessions are offered through Career Services.
Career & Internship Support,Are there on-campus jobs for students?,"Yes, students can apply for federal work-study or other campus positions."
Career & Internship Support,Does the university host career fairs?,"Yes, career fairs are held throughout the year, both in-person and online."
Career & Internship Support,Can alumni access career services?,"Yes, most career resources are available to alumni for several years after graduation."
International Student Support,What support is available for international students?,"Orientation, visa guidance, and cultural adjustment support are offered."
International Student Support,How do I maintain my student visa status?,Maintain full-time enrollment and follow SEVIS reporting requirements.
International Student Support,Can international students work on campus?,"Yes, international students can work up to 20 hours per week on campus."
International Student Support,Are there English language support programs?,"Yes, ESL courses and language labs are available."
"Arts, Music & Recreation",Are there student art exhibitions?,"Yes, student work is showcased regularly in campus galleries."
"Arts, Music & Recreation",Can I join a theater production?,"Yes, auditions are open to students from all majors."
"Arts, Music & Recreation",Are music lessons available?,"Yes, individual and group lessons are offered for credit or personal enrichment."
"Arts, Music & Recreation",Is there a film club or cinema program?,"Yes, the university often hosts film nights and supports student-run film groups."
Research Opportunities,Can undergraduates do research?,"Yes, undergraduates are encouraged to participate in faculty-led or independent research."
Research Opportunities,How do I find a research mentor?,Start by reaching out to professors or visiting the undergraduate research office.
Research Opportunities,Is funding available for student research?,"Yes, grants and fellowships are available for research-related expenses."
Research Opportunities,Are there research conferences on campus?,"Yes, annual events allow students to present their work."
Safety & Emergency Services,Is the campus safe?,"Yes, the university has 24/7 security, emergency alerts, and blue light phones."
Safety & Emergency Services,What should I do in an emergency?,Follow campus alert instructions and contact campus police if needed.
Safety & Emergency Services,How do I sign up for emergency notifications?,Register via your student portal or the university safety page.
Safety & Emergency Services,Are there mental health crisis services?,"Yes, 24/7 crisis lines and counseling appointments are available."
Student Records & Graduation,How do I apply for graduation?,Submit an application through your student portal before the deadline.
Student Records & Graduation,Can I walk in the ceremony if I’m short a few credits?,It depends on university policy—check with the registrar or dean’s office.
Student Records & Graduation,How do I update my legal name or gender in records?,Submit the proper documentation through the registrar or student services.
Student Records & Graduation,When will I receive my diploma?,Diplomas are typically mailed 6–8 weeks after final grades are posted.
Family & Community,Can parents access my academic records?,Only with written consent via a FERPA release form.
Family & Community,Does the university host family weekends?,"Yes, Family & Friends Weekend is hosted each fall with special events."
Graduate Programs,What is the difference between a thesis and non-thesis master’s program?,"Thesis programs require a research project and paper, while non-thesis programs focus on coursework."
Graduate Programs,Can I defer my graduate admission?,"Yes, deferrals are considered on a case-by-case basis."
Graduate Programs,Are online graduate programs available?,"Yes, some programs offer fully online or hybrid graduate degrees."
Graduate Programs,How can I find a graduate advisor?,Faculty profiles and department listings can help you connect with potential advisors.
Graduate Programs,Do graduate students have access to the same facilities as undergraduates?,"Yes, graduate students can access libraries, labs, gyms, and student services."
Student Housing,Are pets allowed in student housing?,"Most dorms do not allow pets, though some apartments may permit service or emotional support animals."
Student Housing,Can I tour the residence halls before applying?,"Yes, in-person and virtual tours are available through the housing office."
Student Housing,Are utilities included in student housing fees?,"Yes, most utilities like water, electricity, and internet are included."
Student Housing,What should I do if I have a roommate conflict?,Housing staff and resident advisors can help mediate and resolve conflicts.
Student Housing,Is gender-inclusive housing available?,"Yes, students can request gender-inclusive housing options."
Career & Internship Support,Can the university help me apply to graduate school?,"Yes, advisors offer support with applications, personal statements, and test prep."
Career & Internship Support,How can I network with alumni?,Alumni networking events and platforms like LinkedIn groups are organized by Career Services.
Career & Internship Support,Is there support for entrepreneurship?,"Yes, workshops and incubator programs are available for aspiring entrepreneurs."
Career & Internship Support,What is Handshake?,"Handshake is a platform where students can find jobs, internships, and career events."
Admissions & Financial Aid,How do I appeal my financial aid package?,Submit an appeal with documentation to the financial aid office for reconsideration.
Admissions & Financial Aid,What is a financial aid verification process?,A process to confirm the accuracy of your FAFSA; you may need to submit documents.
Admissions & Financial Aid,What happens if I lose my scholarship?,You may be able to appeal or reapply depending on the terms and your academic progress.
Admissions & Financial Aid,Are graduate students eligible for financial aid?,"Yes, including loans, assistantships, and some grants."
Health & Wellness,Are mental health counseling services confidential?,"Yes, all sessions are private and protected by confidentiality policies."
Health & Wellness,Can I get vaccinated on campus?,"Yes, flu shots and other routine vaccines are available at campus health centers."
Health & Wellness,Are telehealth appointments available?,"Yes, students can book virtual appointments with healthcare providers."
Health & Wellness,What wellness programs are offered?,"Programs include fitness classes, nutrition workshops, and stress management sessions."
International Student Support,How can I get help with cultural adjustment?,"Orientation programs, peer mentors, and counseling are available to support adjustment."
International Student Support,Do I need health insurance as an international student?,"Yes, international students are required to have valid health insurance."
International Student Support,Can international students get a driver’s license?,"Yes, with proper documentation, students can apply through the local DMV."
Technology & Online Tools,What should I do if I forget my student portal password?,Use the password reset link or contact IT support.
Technology & Online Tools,Can I borrow a laptop from the university?,"Yes, short-term laptop loans are available through the library or IT services."
Technology & Online Tools,Is there training for library research tools?,"Yes, workshops and one-on-one sessions are available."
Events & Campus Activities,How can I join a student organization?,Use the student involvement portal or attend club fairs.
Events & Campus Activities,Are there leadership programs for students?,"Yes, programs are offered to help students develop leadership skills."
Events & Campus Activities,Can I start my own student club?,"Yes, follow the steps outlined by the student government or involvement office."
Events & Campus Activities,What volunteer opportunities are available?,The community engagement office lists opportunities on and off campus.
Registrar Services,How do I request enrollment verification?,You can request it through the student portal or registrar’s office.
Registrar Services,What should I do if I have a hold on my account?,Log into your portal to see the hold details and contact the appropriate office.
Registrar Services,Can I take a leave of absence?,"Yes, submit a request with approval from your academic department."
Accessibility Services,Can accommodations be updated mid-semester?,"Yes, contact the accessibility office if your needs change."
Accessibility Services,How are faculty informed of my accommodations?,You will receive letters or emails to share with your instructors.
Library Services,Can I borrow books from other universities?,"Yes, interlibrary loan services allow access to books from partner libraries."
Library Services,Are study rooms available in the library?,"Yes, you can reserve private or group study rooms online."
Library Services,How do I cite sources properly?,Citation guides and writing center staff can help you with proper referencing.
Campus Life,Where can I park on campus?,Students must purchase permits and park in designated lots.
Campus Life,Is bike parking available?,"Yes, bike racks are located throughout campus."
Sustainability,Does the university compost?,"Yes, compost bins are provided in select dining and academic areas."
Sustainability,Are there green certifications for buildings?,Many campus buildings are LEED certified or energy star rated.
Diversity & Inclusion,What support is available for LGBTQ+ students?,"Inclusive housing, counseling, and student groups are available."
Diversity & Inclusion,Are there affinity groups for students of color?,"Yes, multiple cultural and affinity-based student groups are active on campus."
Diversity & Inclusion,Does the university celebrate cultural heritage months?,"Yes, events and programs are hosted throughout the year to celebrate diversity."
Health & Wellness,Is there a campus clinic?,"Yes, the campus health center offers basic medical services and referrals."
Student Life,Are there student leadership opportunities?,"Yes, students can serve in student government, club leadership, and peer mentoring."
Career Services,Does the university host career fairs?,"Yes, the university hosts career fairs each semester with local and international employers."
Student Life,What housing options are available?,"Housing includes dormitories, student apartments, and off-campus partnerships."
Alumni,How can I stay connected after graduation?,Join the alumni association and follow university social media channels.
Alumni,Are there alumni chapters in other cities?,"Yes, alumni chapters exist in major cities domestically and internationally."
Emergency,Where is the lost and found?,Lost and found is located in the campus security office.
Disability Services,How do I register for disability accommodations?,Contact the disability support office and provide appropriate documentation.
Emergency,Is there campus security?,"Yes, campus security patrols 24/7 and is available for emergencies."
Research,How can I get involved in undergraduate research?,Speak with your professors or visit the research office to learn about ongoing projects and assistantship opportunities.
Disability Services,Is campus wheelchair accessible?,"Yes, all main buildings and classrooms meet accessibility standards."
Sustainability,Is there a campus garden or green space?,"Yes, the university maintains community gardens and outdoor relaxation areas."
Study Abroad,Is financial aid available for study abroad?,"Yes, financial aid and scholarships may apply to approved study abroad programs."
Health & Wellness,Does the university offer nutrition counseling?,"Yes, students can book sessions with a certified nutritionist."
Career Services,What services does the career center offer?,"The career center offers resume reviews, mock interviews, job search assistance, and career counseling."
Study Abroad,What study abroad programs are offered?,The university offers semester and summer programs in over 30 countries.
Alumni,What benefits are available to alumni?,"Benefits include career services, library access, and alumni networking events."
Student Life,What student clubs are available?,There are over 100 student clubs ranging from academic to cultural and recreational interests.
Emergency,How can I sign up for emergency alerts?,Register your phone number on the university emergency notification system.
Health & Wellness,Are health services confidential?,"Yes, all health and counseling services are strictly confidential."
Student Life,Does the university host social events?,"Yes, events include welcome week, cultural nights, sports tournaments, and more."
Sustainability,How can I contribute to campus sustainability?,"You can join green clubs, participate in clean-up drives, and reduce personal waste."
Disability Services,Are service animals allowed on campus?,"Yes, service animals are permitted in all university buildings."
IT Services,Are printing services available?,"Yes, printers are located in libraries, labs, and residence halls."
IT Services,Where can I get help with university email?,Contact the IT support center or access the online email help portal.
Study Abroad,How do I apply for a study abroad program?,Visit the international programs office or the study abroad section of the university website.
Disability Services,Can I get accessible housing?,"Yes, accessible housing options are available upon request."
Health & Wellness,Are there fitness facilities?,"The university gym includes a fitness center, classes, and sports courts."
Study Abroad,Can graduate students study abroad?,"Yes, there are programs tailored specifically for graduate students."
Sustainability,Does the university offer sustainability-focused courses?,"Yes, multiple departments offer courses and minors related to sustainability."
Sustainability,Are there environmental student organizations?,"Yes, several student groups focus on sustainability and environmental awareness."
Career Services,Are internships available through the university?,"Yes, many departments have internship placement programs and industry connections."
Disability Services,What support is available for students with disabilities?,"Support includes note-taking assistance, extended test time, and accessible facilities."
Career Services,Can alumni access career services?,"Yes, alumni can continue to use many of the career services even after graduation."
Research,Are research grants available for students?,"Yes, the university offers internal grants and helps students apply for external funding."
Emergency,Are there emergency phones on campus?,"Yes, blue light emergency phones are located throughout the campus."
Alumni,Can alumni access campus facilities?,Many facilities like the library and gym offer alumni memberships.
Research,Is there a student research symposium?,"Yes, an annual research symposium allows students to present their work to the academic community."
IT Services,How do I reset my university password?,Visit the IT helpdesk website and follow the password reset instructions.
IT Services,Is Wi-Fi available on campus?,"Yes, Wi-Fi is available in all buildings and common areas."
Sustainability,Is the university eco-friendly?,"Yes, the university follows green practices including recycling, energy-efficient buildings, and sustainable dining."
Student Life,How can I start a new club?,Submit a proposal to the student affairs office along with a faculty advisor and member list.
Research,How do I find a faculty research mentor?,You can search faculty profiles on the university website or ask your department advisor for recommendations.
IT Services,Can I borrow laptops or tablets?,"Yes, the library offers short-term tech equipment loans."
Career Services,How can I schedule a session with a career advisor?,You can schedule a session through the university’s online portal or by visiting the career center.
Health & Wellness,What mental health services are available?,Counseling services provide free individual and group therapy sessions.
Study Abroad,Do I need to speak a foreign language to study abroad?,Not always. Many programs offer courses in English.
Alumni,How can I give back to the university?,"You can donate, volunteer, or mentor current students."
Research,Can I publish research as a student?,"Yes, many departments encourage and support student publication efforts."
Emergency,What should I do in case of a fire on campus?,Follow the fire evacuation plan posted in buildings and proceed to the nearest exit.
Library,What are the library's opening hours?,Library hours vary by semester; check the university website for the current schedule.
Library,Can I borrow books from other libraries?,"Yes, interlibrary loan services are available for eligible students."
Library,How many books can I borrow at once?,Students can borrow up to 10 books at a time.
Library,Are there study rooms in the library?,"Yes, individual and group study rooms can be reserved online."
Library,Can I access academic journals from home?,"Yes, login through the library portal with your student credentials."
Admissions,What documents are required for undergraduate admission?,"You need academic transcripts, a personal statement, and identification."
Admissions,Is there an application fee?,"Yes, an application fee is required unless waived under special conditions."
Admissions,Can I defer my admission?,"Yes, you may defer admission for up to one academic year with approval."
Admissions,Do you offer rolling admissions?,"Yes, some programs accept applications on a rolling basis."
Admissions,How do I check my admission status?,Log into the admissions portal to view your application status.
Financial Aid,How do I apply for financial aid?,Complete the financial aid application and submit all required documents.
Financial Aid,When will I know if I received financial aid?,Notifications are sent out 2–4 weeks after the application deadline.
Financial Aid,Are scholarships available for international students?,"Yes, several merit-based and need-based scholarships are available."
Financial Aid,Can I appeal a financial aid decision?,"Yes, submit an appeal form with supporting documents to the financial aid office."
Financial Aid,Does the university offer work-study programs?,"Yes, students can apply for part-time on-campus jobs through work-study."
Housing,How do I apply for campus housing?,Apply online through the housing portal before the deadline.
Housing,Can I choose my roommate?,"Yes, mutual roommate requests can be made during the application process."
Housing,Are first-year students required to live on campus?,Some programs require first-year students to reside on campus.
Housing,What items are allowed in residence halls?,Check the housing handbook for a list of permitted and prohibited items.
Housing,Are there quiet hours in dormitories?,"Yes, quiet hours are enforced nightly to support academic success."
Academics,How do I declare or change my major?,Submit a request form to your academic advisor or department.
Academics,Can I take courses at another university?,"Yes, with prior approval from your department and registrar."
Academics,What happens if I fail a course?,You may retake the course and the new grade may replace the old one in GPA calculation.
Academics,Is tutoring available?,"Yes, free tutoring services are available in most subjects."
Academics,Can I graduate early?,"Yes, if you meet all academic requirements ahead of schedule."
Events & Recreation,Does the university have intramural sports?,"Yes, students can participate in various intramural leagues and tournaments."
Events & Recreation,How do I join a campus event?,Register via the student portal or show up at the event venue if registration is not required.
Events & Recreation,Are there weekend activities?,"Yes, the student union organizes regular weekend trips and activities."
Events & Recreation,Can I use the campus pool?,"Yes, the pool is open to all students with a valid ID."
Events & Recreation,Is there a performing arts program?,"Yes, the university has theatre, dance, and music programs open to all students."
Transportation,Is there a campus shuttle service?,"Yes, shuttles run between key campus locations and nearby transport hubs."
Transportation,Where can I park on campus?,Students must purchase a parking permit and park in designated areas.
Transportation,Are bikes allowed on campus?,"Yes, and there are bike racks located throughout the campus."
Transportation,Does the university provide public transport passes?,Discounted public transit passes are available for full-time students.
Transportation,Is carpooling encouraged?,"Yes, carpool incentives and ride-matching services are available."
Registrar,How do I request an official transcript?,You can request official transcripts online via the registrar's portal.
Registrar,Can I update my name or personal information?,"Yes, submit the necessary documentation to the registrar's office."
IT Services,What software is available to students for free?,"Students have access to Microsoft Office, antivirus software, and course-specific tools."
IT Services,Is technical support available on weekends?,Limited technical support is available on weekends via email and live chat.
Dining,Are meal plans available?,"Yes, various meal plans are offered for on-campus and commuter students."
Dining,Does the university cater to dietary restrictions?,"Yes, dining services offer vegetarian, vegan, halal, and gluten-free options."
International Students,Is orientation available for international students?,"Yes, a special orientation session is held before each semester for international students."
International Students,Can I work while studying?,International students may work part-time on campus subject to visa regulations.
Graduation,How do I apply for graduation?,Apply online through the student portal before the posted deadline.
Graduation,When is the graduation ceremony held?,The ceremony is typically held at the end of the spring semester.
